<?xml version="1.0" encoding="UTF-8"?>
<project-private xmlns="http://www.netbeans.org/ns/project-private/1">
    <editor-bookmarks xmlns="http://www.netbeans.org/ns/editor-bookmarks/2" lastBookmarkId="1">
        <file>
            <url>src/fundamentos/Lista01/Atividade2.java</url>
            <bookmark id="1">
                <name/>
                <line>14</line>
                <key/>
            </bookmark>
        </file>
    </editor-bookmarks>
    <open-files xmlns="http://www.netbeans.org/ns/projectui-open-files/2">
        <group>
            <file>file:/C:/Users/Lucas.Paiva/OneDrive%20-%20ELLAN/Área%20de%20Trabalho/LinguagemOrientadaObjeto/src/fundamentos/Lista01/Atividade2.java</file>
            <file>file:/C:/Users/Lucas.Paiva/OneDrive%20-%20ELLAN/Área%20de%20Trabalho/LinguagemOrientadaObjeto/src/fundamentos/EntradaSaida.java</file>
            <file>file:/C:/Users/Lucas.Paiva/OneDrive%20-%20ELLAN/Área%20de%20Trabalho/LinguagemOrientadaObjeto/src/fundamentos/Lista01/Atividade5.java</file>
            <file>file:/C:/Users/Lucas.Paiva/OneDrive%20-%20ELLAN/Área%20de%20Trabalho/LinguagemOrientadaObjeto/src/fundamentos/Lista01/Atividade4.java</file>
            <file>file:/C:/Users/Lucas.Paiva/OneDrive%20-%20ELLAN/Área%20de%20Trabalho/LinguagemOrientadaObjeto/src/fundamentos/Wrappers.java</file>
            <file>file:/C:/Users/Lucas.Paiva/OneDrive%20-%20ELLAN/Área%20de%20Trabalho/LinguagemOrientadaObjeto/src/fundamentos/Lista01/Atividade3.java</file>
            <file>file:/C:/Users/Lucas.Paiva/OneDrive%20-%20ELLAN/Área%20de%20Trabalho/LinguagemOrientadaObjeto/src/fundamentos/Lista01/Atividade6.java</file>
            <file>file:/C:/Users/Lucas.Paiva/OneDrive%20-%20ELLAN/Área%20de%20Trabalho/LinguagemOrientadaObjeto/src/fundamentos/Variaveis.java</file>
        </group>
    </open-files>
</project-private>
